French,English
partie,part
histoire,history
chercher,search
seulement,only
police,police
pensais,thought
aide,help
demande,request
mois,month
laisser,let
car,because
mettre,to put
aucun,no
eux,them
ville,city
parlÃ©,speak
devrait,should
bÃ©bÃ©,baby
longtemps,long time
heures,hours
revoir,meet again
aucune,any
compris,understood
Ã©taient,were
attention,Warning
voici,here is
pourrais,could
affaire,case
donner,give
type,type
leurs,their
donnÃ©,given
endroit,place
yeux,eyes
faÃ§on,way
Ã©coute,listen
dont,whose
trouve,find
premier,first
perdu,lost
main,hand
premiÃ¨re,first
cÃ´tÃ©,side
pouvoir,power
vieux,old
sois,be
matin,morning
tellement,so much
enfant,child
point,point
suite,after
pardon,sorry
devant,in front of
vers,towards
minutes,minutes
demandÃ©,request
chambre,bedroom
belle,beautiful
droit,law
aujourd'hui,today
mari,husband
enfin,finally
espÃ¨re,hope
eau,water
parti,left
nouvelle,new
boulot,job
arrÃªter,Stop
dirait,would say
compte,account
donne,given
loin,far
fin,end
croire,believe
chÃ©rie,sweetheart
gros,large
plutÃ´t,rather
filles,girls
jouer,to play
bureau,office
